_id,firstName,lastName,username,email,total_hours,basic_salary,total_salary,paidFlag,manager_ID,payDate,job_title
ObjectId("5df11338ff23798a91dcbd71"),Manas1,Kulkarni,manasmsk,msk@gmail.com,1,5,5,,pxp,12/9/2019,lolza
ObjectId("5df11338ff23798a91dcbd72"),sagar1,tanna,sagarst,sgt@gmail.com,10,50,500,SALARY PAID,pxp,12/12/2019,Executive
ObjectId("5df11338ff23798a91dcbd73"),Prathamesh,Shelke,prathu,psh@gmail.com,1,5,5,SALARY PAID,pxp,10/20/2019,Sales
ObjectId("5df11364b86ab38a9d3f46b1"),Manas,Kulkarni,manasmsk1,msk@gmail.com,1,5,5,Not Paid,ngt,12/9/2019,Assistant
ObjectId("5df11364b86ab38a9d3f46b2"),sagar,tanna,sagarst1,sgt@gmail.com,1,5,5,Not Paid,ngt,12/12/2019,Executive
ObjectId("5df11364b86ab38a9d3f46b3"),Prathamesh,Shelke,prathu1,psh@gmail.com,1,5,5,Not Paid,ngt,10/20/2019,Sales
ObjectId("5df5a532a9190c1a9db6d64d"),efef,sdewf,dfwef,wfw@sfvsf.com,1,5,5,SALARY PAID,pxp,2019-12-21,lol
ObjectId("5df5af14b1bfe01c66deef24"),zach,zwerling,zzz,zzz@gmail.com,1,15,15,SALARY PAID,pxp,2019-12-14,Assistant
