_id,by,byPosition,to,toPosition,typeOfTransaction,start_date,end_date,amount,hours,timestamp
ObjectId("5df118597f04678bd54aa23a"),manasmsk,Employee,pxp,Manager,Adding Hours,12/10/2019,12/11/2019,not required,6,12-11-2019 11:24:57
ObjectId("5df118597f04678bd54aa23b"),sagarst,Employee,pxp,Manager,Adding Hours,12/10/2019,12/11/2019,not required,6,12-11-2019 11:24:57
ObjectId("5df118597f04678bd54aa23c"),prathu,Employee,pxp,Manager,Adding Hours,12/10/2019,12/11/2019,not required,6,12-11-2019 11:24:57
ObjectId("5df18ebb480b4ea0f7e3f2ca"),manasmsk,Employee,pxp,Manager,Adding Hours,12/10/2019,12/11/2019,not required,65,12-11-2019 19:50:3
ObjectId("5df18ebb480b4ea0f7e3f2cb"),sagarst,Employee,pxp,Manager,Adding Hours,12/10/2019,12/11/2019,not required,65,12-11-2019 19:50:3
ObjectId("5df18ebb480b4ea0f7e3f2cc"),prathu,Employee,pxp,Manager,Adding Hours,12/10/2019,12/11/2019,not required,65,12-11-2019 19:50:3
ObjectId("5df42cf3836f29dca560eb28"),pxp,Manager,manasmsk,Employee,Paying Salary,not required,not required,55,not required,2019-12-13 19:29:39
ObjectId("5df42cf9836f29dca560eb29"),pxp,Manager,sagarst,Employee,Paying Salary,not required,not required,55,not required,2019-12-13 19:29:45
ObjectId("5df42cfd836f29dca560eb2a"),pxp,Manager,prathu,Employee,Paying Salary,not required,not required,55,not required,2019-12-13 19:29:49
ObjectId("5df4fe963c1f11f0353984e3"),pxp,Manager,manasmsk,Employee,Paying Salary,not required,not required,5,not required,2019-12-14 10:24:6
ObjectId("5df4fe983c1f11f0353984e4"),pxp,Manager,sagarst,Employee,Paying Salary,not required,not required,5,not required,2019-12-14 10:24:8
ObjectId("5df5484e83fd2600a9ca6732"),pxp,Manager,sagarst,Employee,Paying Salary,not required,not required,50,not required,2019-12-14 15:38:38
ObjectId("5df580c4b430340fec8db4ff"),pxp,Manager,sagarst,Employee,Paying Salary,not required,not required,5,not required,2019-12-14 19:39:32
ObjectId("5df5a30ac9cbeb1a0f6b1eba"),pxp,Manager,manasmsk,Employee,Paying Salary,not required,not required,100,not required,2019-12-14 22:5:46
ObjectId("5df5a311c9cbeb1a0f6b1ebb"),pxp,Manager,sagarst,Employee,Paying Salary,not required,not required,50,not required,2019-12-14 22:5:53
ObjectId("5df5a44e8e49b91a6b9ba70a"),manasmsk,Employee,pxp,Manager,Adding Hours,0021-11-21,0001-12-12,not required,5,12-14-2019 22:11:10
ObjectId("5df5a4c6a9190c1a9db6d64b"),manasmsk,Employee,pxp,Manager,Adding Hours,0121-11-11,0012-12-12,not required,30,12-14-2019 22:13:10
ObjectId("5df5a4e1a9190c1a9db6d64c"),pxp,Manager,manasmsk,Employee,Paying Salary,not required,not required,150,not required,2019-12-14 22:13:37
ObjectId("5df5acb3b1bfe01c66deef20"),pxp,Manager,prathu,Employee,Paying Salary,not required,not required,75,not required,2019-12-14 22:46:59
ObjectId("5df5acccb1bfe01c66deef21"),pxp,Manager,dfwef,Employee,Paying Salary,not required,not required,5,not required,2019-12-14 22:47:24
ObjectId("5df5ae3eb1bfe01c66deef23"),sagarst,Employee,pxp,Manager,Adding Hours,2019-12-13,2019-12-14,not required,10,12-14-2019 22:53:34
ObjectId("5df5af76b1bfe01c66deef25"),pxp,Manager,zzz,Employee,Paying Salary,not required,not required,15,not required,2019-12-14 22:58:46
